date,sales,day_of_year,day_of_week,month,year
2020-01-01,17.702241834330493,1,2,1,2020
2020-01-02,12.256148492094118,2,3,1,2020
2020-01-03,12.280891512484018,3,4,1,2020
2020-01-04,14.385888161024067,4,5,1,2020
2020-01-05,6.998558159630184,5,6,1,2020
2020-01-06,11.340393246568123,6,0,1,2020
2020-01-07,24.748285334064654,7,1,1,2020
2020-01-08,22.086151918436304,8,2,1,2020
2020-01-09,13.626848437887539,9,3,1,2020
2020-01-10,14.77773352535684,10,4,1,2020
2020-01-11,7.471161228165422,11,5,1,2020
2020-01-12,8.852507090189462,12,6,1,2020
2020-01-13,16.726335590040886,13,0,1,2020
2020-01-14,10.28417886410386,14,1,1,2020
2020-01-15,12.614959922072673,15,2,1,2020
2020-01-16,16.144867170156992,16,3,1,2020
2020-01-17,9.973679958371886,17,4,1,2020
2020-01-18,14.322513295782052,18,5,1,2020
2020-01-19,9.593496915380836,19,6,1,2020
2020-01-20,11.396214587758935,20,0,1,2020
2020-01-21,30.108096484231474,21,1,1,2020
2020-01-22,23.027323619315993,22,2,1,2020
2020-01-23,22.197308890095904,23,3,1,2020
2020-01-24,10.803492154367015,24,4,1,2020
2020-01-25,12.904126605201704,25,5,1,2020
2020-01-26,17.54769583114101,26,6,1,2020
2020-01-27,15.546273243388653,27,0,1,2020
2020-01-28,27.485238387850774,28,1,1,2020
2020-01-29,23.962645038931637,29,2,1,2020
2020-01-30,23.19292539277876,30,3,1,2020
2020-01-31,17.691879704718172,31,4,1,2020
2020-02-01,27.641430221411017,32,5,2,2020
2020-02-02,19.659786881665347,33,6,2,2020
2020-02-03,18.72644518311189,34,0,2,2020
2020-02-04,32.41218369754821,35,1,2,2020
2020-02-05,23.532673020389115,36,2,2,2020
2020-02-06,28.34450304555447,37,3,2,2020
2020-02-07,13.527994016217498,38,4,2,2020
2020-02-08,14.341591423353108,39,5,2,2020
2020-02-09,23.29002855025385,40,6,2,2020
2020-02-10,30.2611726990949,41,0,2,2020
2020-02-11,31.68496201129647,42,1,2,2020
2020-02-12,31.561571165844025,43,2,2,2020
2020-02-13,28.271293698418326,44,3,2,2020
2020-02-14,18.38352132785016,45,4,2,2020
2020-02-15,19.805708490647696,46,5,2,2020
2020-02-16,22.39702738587983,47,6,2,2020
2020-02-17,34.220518847987634,48,0,2,2020
2020-02-18,34.883335475155036,49,1,2,2020
2020-02-19,25.63228574845681,50,2,2,2020
2020-02-20,33.674960232244636,51,3,2,2020
2020-02-21,26.098014945259578,52,4,2,2020
2020-02-22,22.236703060476735,53,5,2,2020
2020-02-23,29.943605426204773,54,6,2,2020
2020-02-24,36.24306731891586,55,0,2,2020
2020-02-25,39.94251531913388,56,1,2,2020
2020-02-26,32.33953732608346,57,2,2,2020
2020-02-27,32.5634533436238,58,3,2,2020
2020-02-28,31.701133276284864,59,4,2,2020
2020-02-29,32.48643185585583,60,5,2,2020
2020-03-01,26.442347849462966,61,6,3,2020
2020-03-02,32.077980469349015,62,0,3,2020
2020-03-03,31.637475075135544,63,1,3,2020
2020-03-04,32.402086012119184,64,2,3,2020
2020-03-05,39.98373740438506,65,3,3,2020
2020-03-06,38.60135874507815,66,4,3,2020
2020-03-07,28.98740877006839,67,5,3,2020
2020-03-08,35.55771944936086,68,6,3,2020
2020-03-09,36.479057175723376,69,0,3,2020
2020-03-10,35.570612677889166,70,1,3,2020
2020-03-11,41.77932361381873,71,2,3,2020
2020-03-12,45.16239886257667,72,3,3,2020
2020-03-13,33.153745044600605,73,4,3,2020
2020-03-14,38.64474217161903,74,5,3,2020
2020-03-15,18.876492245027748,75,6,3,2020
2020-03-16,40.176412594919604,76,0,3,2020
2020-03-17,40.588103539723726,77,1,3,2020
2020-03-18,39.79438446381656,78,2,3,2020
2020-03-19,39.208311294925615,79,3,3,2020
2020-03-20,24.632346443959108,80,4,3,2020
2020-03-21,30.920325097091187,81,5,3,2020
2020-03-22,34.917618488336046,82,6,3,2020
2020-03-23,44.57272967043641,83,0,3,2020
2020-03-24,38.63725425428477,84,1,3,2020
2020-03-25,38.281936408055586,85,2,3,2020
2020-03-26,37.23483180552396,86,3,3,2020
2020-03-27,40.10033006221723,87,4,3,2020
2020-03-28,34.574491954569986,88,5,3,2020
2020-03-29,31.35414661811209,89,6,3,2020
2020-03-30,40.579257657436266,90,0,3,2020
2020-03-31,42.502364280202826,91,1,3,2020
2020-04-01,47.91466402769588,92,2,4,2020
2020-04-02,36.939015225447235,93,3,4,2020
2020-04-03,34.54927922749891,94,4,4,2020
2020-04-04,31.593062988210526,95,5,4,2020
2020-04-05,27.266839401985674,96,6,4,2020
2020-04-06,40.03360208944611,97,0,4,2020
2020-04-07,43.82097360849621,98,1,4,2020
2020-04-08,43.554406608524765,99,2,4,2020
2020-04-09,39.692476076042745,100,3,4,2020
2020-04-10,29.485661570001053,101,4,4,2020
2020-04-11,31.784172398806188,102,5,4,2020
2020-04-12,33.163594596132526,103,6,4,2020
2020-04-13,34.793425154909826,104,0,4,2020
2020-04-14,41.92024934581941,105,1,4,2020
2020-04-15,45.719368306774705,106,2,4,2020
2020-04-16,50.42604621392461,107,3,4,2020
2020-04-17,37.52468780889331,108,4,4,2020
2020-04-18,35.22417312359121,109,5,4,2020
2020-04-19,34.51387055744778,110,6,4,2020
2020-04-20,29.179983152546434,111,0,4,2020
2020-04-21,42.52342680438161,112,1,4,2020
2020-04-22,43.89008142894823,113,2,4,2020
2020-04-23,53.16186092476458,114,3,4,2020
2020-04-24,35.501475716465606,115,4,4,2020
2020-04-25,35.21683021777257,116,5,4,2020
2020-04-26,34.4466580480321,117,6,4,2020
2020-04-27,32.62627551825403,118,0,4,2020
2020-04-28,48.02792307213171,119,1,4,2020
2020-04-29,46.96868257366666,120,2,4,2020
2020-04-30,44.38347037771307,121,3,4,2020
2020-05-01,31.46188690701411,122,4,5,2020
2020-05-02,40.231813156556235,123,5,5,2020
2020-05-03,27.083246116614205,124,6,5,2020
2020-05-04,40.84011492086236,125,0,5,2020
2020-05-05,52.6664835475763,126,1,5,2020
2020-05-06,37.62132892310541,127,2,5,2020
2020-05-07,36.92678637506236,128,3,5,2020
2020-05-08,35.80240151712584,129,4,5,2020
2020-05-09,29.96153511186355,130,5,5,2020
2020-05-10,25.566412600180556,131,6,5,2020
2020-05-11,37.4424444845144,132,0,5,2020
2020-05-12,35.56348402345979,133,1,5,2020
2020-05-13,44.07020183780665,134,2,5,2020
2020-05-14,34.25725953486069,135,3,5,2020
2020-05-15,42.118253037430534,136,4,5,2020
2020-05-16,27.595877341214265,137,5,5,2020
2020-05-17,30.71191939115134,138,6,5,2020
2020-05-18,40.13946150109004,139,0,5,2020
2020-05-19,33.663166143518026,140,1,5,2020
2020-05-20,41.75276337050114,141,2,5,2020
2020-05-21,44.27456557779247,142,3,5,2020
2020-05-22,25.187399744086235,143,4,5,2020
2020-05-23,31.263836876548048,144,5,5,2020
2020-05-24,32.422986873264364,145,6,5,2020
2020-05-25,38.755699166595534,146,0,5,2020
2020-05-26,32.381356225342444,147,1,5,2020
2020-05-27,32.73627226329833,148,2,5,2020
2020-05-28,39.04668531437749,149,3,5,2020
2020-05-29,33.383470870950354,150,4,5,2020
2020-05-30,30.243048409397556,151,5,5,2020
2020-05-31,31.482501634334415,152,6,5,2020
2020-06-01,30.050512994647477,153,0,6,2020
2020-06-02,38.3093938676545,154,1,6,2020
2020-06-03,39.36450332276142,155,2,6,2020
2020-06-04,31.404988608761357,156,3,6,2020
2020-06-05,39.746989577988536,157,4,6,2020
2020-06-06,29.859744281534667,158,5,6,2020
2020-06-07,22.27479511117914,159,6,6,2020
2020-06-08,35.19614924198436,160,0,6,2020
2020-06-09,30.719795725276082,161,1,6,2020
2020-06-10,40.262623507811426,162,2,6,2020
2020-06-11,39.18141574125314,163,3,6,2020
2020-06-12,24.710686811917377,164,4,6,2020
2020-06-13,30.68839220736167,165,5,6,2020
2020-06-14,28.66176534084559,166,6,6,2020
2020-06-15,34.37651631100853,167,0,6,2020
2020-06-16,43.41696354173026,168,1,6,2020
2020-06-17,33.42769259621131,169,2,6,2020
2020-06-18,27.935509399960168,170,3,6,2020
2020-06-19,22.671283329203334,171,4,6,2020
2020-06-20,20.086910171496598,172,5,6,2020
2020-06-21,24.497186469228783,173,6,6,2020
2020-06-22,30.24788812907941,174,0,6,2020
2020-06-23,33.58414060180111,175,1,6,2020
2020-06-24,37.050711863573994,176,2,6,2020
2020-06-25,30.022538048457246,177,3,6,2020
2020-06-26,32.63374363461716,178,4,6,2020
2020-06-27,21.084479896023637,179,5,6,2020
2020-06-28,36.720634902213504,180,6,6,2020
2020-06-29,29.90355891984545,181,0,6,2020
2020-06-30,26.14470209183548,182,1,6,2020
2020-07-01,25.787556183037847,183,2,7,2020
2020-07-02,30.595244713385572,184,3,7,2020
2020-07-03,22.472956123493606,185,4,7,2020
2020-07-04,24.2015181896424,186,5,7,2020
2020-07-05,23.70999593898916,187,6,7,2020
2020-07-06,24.636075609654657,188,0,7,2020
2020-07-07,24.42321038595675,189,1,7,2020
2020-07-08,21.796874127733155,190,2,7,2020
2020-07-09,24.182512584133573,191,3,7,2020
2020-07-10,26.1082915913369,192,4,7,2020
2020-07-11,19.9425434732985,193,5,7,2020
2020-07-12,13.36091168053406,194,6,7,2020
2020-07-13,24.117866995089805,195,0,7,2020
2020-07-14,28.842156454121508,196,1,7,2020
2020-07-15,23.21756401961592,197,2,7,2020
2020-07-16,25.457504002840054,198,3,7,2020
2020-07-17,20.39987994650445,199,4,7,2020
2020-07-18,11.449204442129673,200,5,7,2020
2020-07-19,19.680658042549215,201,6,7,2020
2020-07-20,24.36882419750738,202,0,7,2020
2020-07-21,30.65527434648697,203,1,7,2020
2020-07-22,31.24250184760346,204,2,7,2020
2020-07-23,16.15004266042831,205,3,7,2020
2020-07-24,13.782767842084546,206,4,7,2020
2020-07-25,18.11650562660771,207,5,7,2020
2020-07-26,18.852807831215998,208,6,7,2020
2020-07-27,22.547842710018593,209,0,7,2020
2020-07-28,42.9275819738157,210,1,7,2020
2020-07-29,27.268707213141234,211,2,7,2020
2020-07-30,27.174485472720274,212,3,7,2020
2020-07-31,21.718317167206685,213,4,7,2020
2020-08-01,17.293485858622855,214,5,8,2020
2020-08-02,13.222149076618816,215,6,8,2020
2020-08-03,22.30211067816707,216,0,8,2020
2020-08-04,18.355122050455968,217,1,8,2020
2020-08-05,21.80676265070452,218,2,8,2020
2020-08-06,17.668325799934898,219,3,8,2020
2020-08-07,15.978651900680573,220,4,8,2020
2020-08-08,24.25387656628324,221,5,8,2020
2020-08-09,4.129892604444416,222,6,8,2020
2020-08-10,20.630538787785564,223,0,8,2020
2020-08-11,12.87246569994338,224,1,8,2020
2020-08-12,19.37338329492259,225,2,8,2020
2020-08-13,24.30803229097018,226,3,8,2020
2020-08-14,14.685317036061742,227,4,8,2020
2020-08-15,6.113538850314547,228,5,8,2020
2020-08-16,8.738957596247264,229,6,8,2020
2020-08-17,19.474589860775538,230,0,8,2020
2020-08-18,16.190199702556704,231,1,8,2020
2020-08-19,21.750458251650823,232,2,8,2020
2020-08-20,18.055897788224787,233,3,8,2020
2020-08-21,10.100804045962061,234,4,8,2020
2020-08-22,21.247485633140187,235,5,8,2020
2020-08-23,14.541662287089093,236,6,8,2020
2020-08-24,5.039033585806322,237,0,8,2020
2020-08-25,19.894460654217056,238,1,8,2020
2020-08-26,16.51184698904139,239,2,8,2020
2020-08-27,21.27571443064137,240,3,8,2020
2020-08-28,8.615034053284903,241,4,8,2020
2020-08-29,9.20665550807891,242,5,8,2020
2020-08-30,13.183724456306892,243,6,8,2020
2020-08-31,18.814789417371152,244,0,8,2020
2020-09-01,12.316907475823248,245,1,9,2020
2020-09-02,17.53978419211659,246,2,9,2020
2020-09-03,14.066009562416177,247,3,9,2020
2020-09-04,8.774213365192226,248,4,9,2020
2020-09-05,18.107209575542853,249,5,9,2020
2020-09-06,12.220010841010147,250,6,9,2020
2020-09-07,7.754945291553218,251,0,9,2020
2020-09-08,22.51840112086125,252,1,9,2020
2020-09-09,29.471425301975103,253,2,9,2020
2020-09-10,21.289359109147085,254,3,9,2020
2020-09-11,4.168528572647334,255,4,9,2020
2020-09-12,6.621777203395569,256,5,9,2020
2020-09-13,16.331414288102685,257,6,9,2020
2020-09-14,10.361766330736279,258,0,9,2020
2020-09-15,20.028163200359913,259,1,9,2020
2020-09-16,22.653237467714128,260,2,9,2020
2020-09-17,11.451461999585122,261,3,9,2020
2020-09-18,11.466690562798087,262,4,9,2020
2020-09-19,0.0,263,5,9,2020
2020-09-20,4.954122988843042,264,6,9,2020
2020-09-21,12.756858126935139,265,0,9,2020
2020-09-22,11.730269173158561,266,1,9,2020
2020-09-23,27.142915773817332,267,2,9,2020
2020-09-24,9.176999747652136,268,3,9,2020
2020-09-25,9.846602538696972,269,4,9,2020
2020-09-26,10.059159705553238,270,5,9,2020
2020-09-27,17.647062875706805,271,6,9,2020
2020-09-28,7.246211316677497,272,0,9,2020
2020-09-29,24.232081510382265,273,1,9,2020
2020-09-30,19.520411020107797,274,2,9,2020
2020-10-01,11.949900729630617,275,3,10,2020
2020-10-02,14.928460433423396,276,4,10,2020
2020-10-03,11.013271740143626,277,5,10,2020
2020-10-04,8.093532201243608,278,6,10,2020
2020-10-05,15.469849475948543,279,0,10,2020
2020-10-06,17.226389423753805,280,1,10,2020
2020-10-07,20.814873393700392,281,2,10,2020
2020-10-08,20.98744098280322,282,3,10,2020
2020-10-09,21.408617597843516,283,4,10,2020
2020-10-10,4.730665004022098,284,5,10,2020
2020-10-11,22.702651242793845,285,6,10,2020
2020-10-12,6.344273986459106,286,0,10,2020
2020-10-13,19.418807486179745,287,1,10,2020
2020-10-14,24.254433239560175,288,2,10,2020
2020-10-15,20.187963772206952,289,3,10,2020
2020-10-16,11.51176829138237,290,4,10,2020
2020-10-17,11.066226446964388,291,5,10,2020
2020-10-18,10.79977305721969,292,6,10,2020
2020-10-19,14.425204158657522,293,0,10,2020
2020-10-20,25.732891598939275,294,1,10,2020
2020-10-21,24.444705790189694,295,2,10,2020
2020-10-22,16.704658690744953,296,3,10,2020
2020-10-23,20.54866499566404,297,4,10,2020
2020-10-24,15.107697340679751,298,5,10,2020
2020-10-25,18.83216595725133,299,6,10,2020
2020-10-26,22.061707209431855,300,0,10,2020
2020-10-27,18.919628988276905,301,1,10,2020
2020-10-28,21.47635310937011,302,2,10,2020
2020-10-29,25.560919594614518,303,3,10,2020
2020-10-30,20.79507359972724,304,4,10,2020
2020-10-31,15.196245931655165,305,5,10,2020
2020-11-01,17.12071876674286,306,6,11,2020
2020-11-02,27.104450246777624,307,0,11,2020
2020-11-03,21.945299354035082,308,1,11,2020
2020-11-04,28.88692951539504,309,2,11,2020
2020-11-05,22.72293666234418,310,3,11,2020
2020-11-06,18.599150245525802,311,4,11,2020
2020-11-07,22.773469038141158,312,5,11,2020
2020-11-08,22.67409240535244,313,6,11,2020
2020-11-09,26.830291647265717,314,0,11,2020
2020-11-10,33.51043790927187,315,1,11,2020
2020-11-11,28.369190410407377,316,2,11,2020
2020-11-12,29.2887958144683,317,3,11,2020
2020-11-13,20.3133077879204,318,4,11,2020
2020-11-14,21.108998504799676,319,5,11,2020
2020-11-15,20.135907066466203,320,6,11,2020
2020-11-16,25.517888560480646,321,0,11,2020
2020-11-17,32.25906269462465,322,1,11,2020
2020-11-18,26.50287584329366,323,2,11,2020
2020-11-19,38.69984694297815,324,3,11,2020
2020-11-20,19.221994402609607,325,4,11,2020
2020-11-21,15.832703682222746,326,5,11,2020
2020-11-22,29.02016880854745,327,6,11,2020
2020-11-23,31.461190100095035,328,0,11,2020
2020-11-24,34.900276049996485,329,1,11,2020
2020-11-25,36.25798559461491,330,2,11,2020
2020-11-26,30.724275111561965,331,3,11,2020
2020-11-27,22.33816022473053,332,4,11,2020
2020-11-28,24.879198083758343,333,5,11,2020
2020-11-29,22.46393046387,334,6,11,2020
2020-11-30,35.02160718824008,335,0,11,2020
2020-12-01,33.709933727082586,336,1,12,2020
2020-12-02,31.676125349668226,337,2,12,2020
2020-12-03,31.887134051025505,338,3,12,2020
2020-12-04,31.61822974414893,339,4,12,2020
2020-12-05,24.430658043698433,340,5,12,2020
2020-12-06,24.507080792043205,341,6,12,2020
2020-12-07,34.151593947276254,342,0,12,2020
2020-12-08,38.47527033043316,343,1,12,2020
2020-12-09,36.09153627365714,344,2,12,2020
2020-12-10,33.978287873586446,345,3,12,2020
2020-12-11,33.56936001228329,346,4,12,2020
2020-12-12,22.87986027745035,347,5,12,2020
2020-12-13,24.46666543801679,348,6,12,2020
2020-12-14,32.240871345029966,349,0,12,2020
2020-12-15,39.096597775714244,350,1,12,2020
2020-12-16,43.10697202877876,351,2,12,2020
2020-12-17,46.64854923699679,352,3,12,2020
2020-12-18,39.6471210192069,353,4,12,2020
2020-12-19,32.28103948629365,354,5,12,2020
2020-12-20,34.379401563952726,355,6,12,2020
2020-12-21,33.80029965957621,356,0,12,2020
2020-12-22,43.05978245069143,357,1,12,2020
2020-12-23,43.105618431674586,358,2,12,2020
2020-12-24,43.88910111640324,359,3,12,2020
2020-12-25,34.232968843586036,360,4,12,2020
2020-12-26,38.69362167850822,361,5,12,2020
2020-12-27,45.1594845370878,362,6,12,2020
2020-12-28,41.29489606679778,363,0,12,2020
2020-12-29,48.190391270721285,364,1,12,2020
2020-12-30,51.03214045819782,365,2,12,2020
2020-12-31,43.30422841802989,366,3,12,2020
2021-01-01,42.268048194802475,1,4,1,2021
2021-01-02,38.939346718335074,2,5,1,2021
2021-01-03,40.764063570945325,3,6,1,2021
2021-01-04,40.7533024935887,4,0,1,2021
2021-01-05,49.083163702194845,5,1,1,2021
2021-01-06,52.84868202142336,6,2,1,2021
2021-01-07,55.34117355172352,7,3,1,2021
2021-01-08,48.97424711957386,8,4,1,2021
2021-01-09,52.66904737159614,9,5,1,2021
2021-01-10,39.46142974920738,10,6,1,2021
2021-01-11,51.997465409713215,11,0,1,2021
2021-01-12,52.88915368438578,12,1,1,2021
2021-01-13,64.31315143218117,13,2,1,2021
2021-01-14,47.04232291683771,14,3,1,2021
2021-01-15,42.96985459021002,15,4,1,2021
2021-01-16,41.88825630561781,16,5,1,2021
2021-01-17,35.65159119471558,17,6,1,2021
2021-01-18,47.97011405828396,18,0,1,2021
2021-01-19,51.129241782871674,19,1,1,2021
2021-01-20,57.05731456069852,20,2,1,2021
2021-01-21,55.721866774730124,21,3,1,2021
2021-01-22,59.46597403430417,22,4,1,2021
2021-01-23,52.540701774062605,23,5,1,2021
2021-01-24,46.27594906334289,24,6,1,2021
2021-01-25,48.981579404967924,25,0,1,2021
2021-01-26,60.243966537777474,26,1,1,2021
2021-01-27,52.54768762927905,27,2,1,2021
2021-01-28,65.9972763816148,28,3,1,2021
2021-01-29,58.79195380860817,29,4,1,2021
2021-01-30,48.23443059769769,30,5,1,2021
2021-01-31,43.36797437663138,31,6,1,2021
2021-02-01,62.99701370357549,32,0,2,2021
2021-02-02,59.9458615767452,33,1,2,2021
2021-02-03,68.05169392164079,34,2,2,2021
2021-02-04,51.560555099281046,35,3,2,2021
2021-02-05,52.56893087195144,36,4,2,2021
2021-02-06,53.255318285597674,37,5,2,2021
2021-02-07,54.7944818606607,38,6,2,2021
2021-02-08,56.57980684433114,39,0,2,2021
2021-02-09,66.211259830299,40,1,2,2021
2021-02-10,59.078350186086965,41,2,2,2021
2021-02-11,61.34945743646077,42,3,2,2021
2021-02-12,58.67020545282079,43,4,2,2021
2021-02-13,58.277921063134585,44,5,2,2021
2021-02-14,60.56743992635236,45,6,2,2021
2021-02-15,55.629331607313986,46,0,2,2021
2021-02-16,57.820938184653926,47,1,2,2021
2021-02-17,73.1709043602677,48,2,2,2021
2021-02-18,66.0600483434313,49,3,2,2021
2021-02-19,56.63396855896377,50,4,2,2021
2021-02-20,65.73921497935935,51,5,2,2021
2021-02-21,59.83503377502606,52,6,2,2021
2021-02-22,69.36541151620776,53,0,2,2021
2021-02-23,68.01410418670426,54,1,2,2021
2021-02-24,79.23942186472814,55,2,2,2021
2021-02-25,75.29605319198953,56,3,2,2021
2021-02-26,61.21971891627736,57,4,2,2021
2021-02-27,64.8962846941277,58,5,2,2021
2021-02-28,64.5049301234134,59,6,2,2021
2021-03-01,72.29947654178785,60,0,3,2021
2021-03-02,64.80488953344216,61,1,3,2021
2021-03-03,74.28414518654237,62,2,3,2021
2021-03-04,73.69450663563426,63,3,3,2021
2021-03-05,55.518336416883024,64,4,3,2021
2021-03-06,55.93373044556126,65,5,3,2021
2021-03-07,52.85723196964413,66,6,3,2021
2021-03-08,65.84803773962936,67,0,3,2021
2021-03-09,74.91905403653382,68,1,3,2021
2021-03-10,80.03027484484743,69,2,3,2021
2021-03-11,70.39991960923427,70,3,3,2021
2021-03-12,74.0443380306092,71,4,3,2021
2021-03-13,56.50062345564843,72,5,3,2021
2021-03-14,56.04919729959519,73,6,3,2021
2021-03-15,68.39139793194799,74,0,3,2021
2021-03-16,74.68683280782628,75,1,3,2021
2021-03-17,73.7510388664551,76,2,3,2021
2021-03-18,61.048891954554115,77,3,3,2021
2021-03-19,66.77273573505802,78,4,3,2021
2021-03-20,58.156074626199896,79,5,3,2021
2021-03-21,69.15178801733437,80,6,3,2021
2021-03-22,71.69928830064508,81,0,3,2021
2021-03-23,69.2239444967938,82,1,3,2021
2021-03-24,72.46153739392744,83,2,3,2021
2021-03-25,67.16577199242886,84,3,3,2021
2021-03-26,67.93992365263172,85,4,3,2021
2021-03-27,70.4482433424289,86,5,3,2021
2021-03-28,61.82792349824976,87,6,3,2021
2021-03-29,73.29858151774287,88,0,3,2021
2021-03-30,72.14294734273835,89,1,3,2021
2021-03-31,71.89616886443986,90,2,3,2021
2021-04-01,72.71505898991046,91,3,4,2021
2021-04-02,63.82414217941062,92,4,4,2021
2021-04-03,63.60994888457415,93,5,4,2021
2021-04-04,61.43143475376411,94,6,4,2021
2021-04-05,81.22484195233537,95,0,4,2021
2021-04-06,75.55201970015818,96,1,4,2021
2021-04-07,72.9019856980424,97,2,4,2021
2021-04-08,74.81883105748848,98,3,4,2021
2021-04-09,68.89611379333437,99,4,4,2021
2021-04-10,65.68947846172843,100,5,4,2021
2021-04-11,70.86658303669086,101,6,4,2021
2021-04-12,75.52255009675159,102,0,4,2021
2021-04-13,73.015949238367,103,1,4,2021
2021-04-14,73.77333283167661,104,2,4,2021
2021-04-15,72.58465367461184,105,3,4,2021
2021-04-16,58.118422915500155,106,4,4,2021
2021-04-17,59.348076113355255,107,5,4,2021
2021-04-18,74.71940433817734,108,6,4,2021
2021-04-19,80.0088722713659,109,0,4,2021
2021-04-20,74.43220773614999,110,1,4,2021
2021-04-21,79.50423657820255,111,2,4,2021
2021-04-22,75.44548121056597,112,3,4,2021
2021-04-23,84.91224913799535,113,4,4,2021
2021-04-24,72.37243963598709,114,5,4,2021
2021-04-25,67.056926839188,115,6,4,2021
2021-04-26,66.77900383698446,116,0,4,2021
2021-04-27,67.37927309292373,117,1,4,2021
2021-04-28,77.33459641956989,118,2,4,2021
2021-04-29,69.76528952935571,119,3,4,2021
2021-04-30,62.02666357872047,120,4,4,2021
2021-05-01,63.12436093776126,121,5,5,2021
2021-05-02,61.83431841913644,122,6,5,2021
2021-05-03,79.50116231112065,123,0,5,2021
2021-05-04,79.29198801297613,124,1,5,2021
2021-05-05,75.71357877916002,125,2,5,2021
2021-05-06,80.34716036919716,126,3,5,2021
2021-05-07,68.889766803473,127,4,5,2021
2021-05-08,61.380768732910965,128,5,5,2021
2021-05-09,74.15299933425652,129,6,5,2021
2021-05-10,73.02107613474992,130,0,5,2021
2021-05-11,68.9247867815322,131,1,5,2021
2021-05-12,73.9955487539483,132,2,5,2021
2021-05-13,67.73014558138715,133,3,5,2021
2021-05-14,60.717155746285115,134,4,5,2021
2021-05-15,69.41418316016397,135,5,5,2021
2021-05-16,75.14889847091409,136,6,5,2021
2021-05-17,62.36691846768183,137,0,5,2021
2021-05-18,75.92836095328585,138,1,5,2021
2021-05-19,70.66627510251463,139,2,5,2021
2021-05-20,68.61509506308494,140,3,5,2021
2021-05-21,63.58240879276221,141,4,5,2021
2021-05-22,59.3478126744573,142,5,5,2021
2021-05-23,64.70065831283713,143,6,5,2021
2021-05-24,64.03352953571343,144,0,5,2021
2021-05-25,73.26714482857471,145,1,5,2021
2021-05-26,72.4430067943454,146,2,5,2021
2021-05-27,68.60460380162142,147,3,5,2021
2021-05-28,60.72965173498779,148,4,5,2021
2021-05-29,59.482035549927396,149,5,5,2021
2021-05-30,66.90873789013382,150,6,5,2021
2021-05-31,69.34278262967217,151,0,5,2021
2021-06-01,65.65377216051006,152,1,6,2021
2021-06-02,71.79491066356815,153,2,6,2021
2021-06-03,72.13829525492905,154,3,6,2021
2021-06-04,55.48102926713722,155,4,6,2021
2021-06-05,63.62246137726893,156,5,6,2021
2021-06-06,58.33823248375613,157,6,6,2021
2021-06-07,68.19118555382362,158,0,6,2021
2021-06-08,65.20630461213307,159,1,6,2021
2021-06-09,60.7365832293747,160,2,6,2021
2021-06-10,58.68872614321749,161,3,6,2021
2021-06-11,62.496539938882144,162,4,6,2021
2021-06-12,60.61596507129959,163,5,6,2021
2021-06-13,55.525749534374505,164,6,6,2021
2021-06-14,66.91208638890902,165,0,6,2021
2021-06-15,59.08154819247157,166,1,6,2021
2021-06-16,67.78342905168158,167,2,6,2021
2021-06-17,59.11115188586886,168,3,6,2021
2021-06-18,57.32436735369093,169,4,6,2021
2021-06-19,57.87009829480575,170,5,6,2021
2021-06-20,54.0500229071318,171,6,6,2021
2021-06-21,60.090796409056765,172,0,6,2021
2021-06-22,70.70544686002478,173,1,6,2021
2021-06-23,63.50528144126254,174,2,6,2021
2021-06-24,67.61238142169734,175,3,6,2021
2021-06-25,53.195176061581854,176,4,6,2021
2021-06-26,58.535464195120184,177,5,6,2021
2021-06-27,63.80715060834069,178,6,6,2021
2021-06-28,47.89715409545906,179,0,6,2021
2021-06-29,59.926600589566306,180,1,6,2021
2021-06-30,67.50819535080521,181,2,6,2021
2021-07-01,60.648497199922545,182,3,7,2021
2021-07-02,58.926662756676016,183,4,7,2021
2021-07-03,51.09187142006661,184,5,7,2021
2021-07-04,55.25645324370797,185,6,7,2021
2021-07-05,57.70074207610364,186,0,7,2021
2021-07-06,67.97400592207374,187,1,7,2021
2021-07-07,64.11993692332717,188,2,7,2021
2021-07-08,61.5784265428954,189,3,7,2021
2021-07-09,53.24064013702621,190,4,7,2021
2021-07-10,49.90597094058228,191,5,7,2021
2021-07-11,50.89674093684205,192,6,7,2021
2021-07-12,58.69194799842106,193,0,7,2021
2021-07-13,58.275970967645954,194,1,7,2021
2021-07-14,62.54844918419804,195,2,7,2021
2021-07-15,68.52580780492514,196,3,7,2021
2021-07-16,57.92138943425611,197,4,7,2021
2021-07-17,48.98767552874928,198,5,7,2021
2021-07-18,57.34814022131478,199,6,7,2021
2021-07-19,52.971291600057114,200,0,7,2021
2021-07-20,48.49238636257179,201,1,7,2021
2021-07-21,54.37208254496127,202,2,7,2021
2021-07-22,47.11929278170192,203,3,7,2021
2021-07-23,50.14483888369847,204,4,7,2021
2021-07-24,49.059396112637586,205,5,7,2021
2021-07-25,58.087313859257186,206,6,7,2021
2021-07-26,55.02357869326731,207,0,7,2021
2021-07-27,55.9796632302639,208,1,7,2021
2021-07-28,61.96724471828789,209,2,7,2021
2021-07-29,43.84148223172328,210,3,7,2021
2021-07-30,51.52124216669429,211,4,7,2021
2021-07-31,51.27989795772818,212,5,7,2021
2021-08-01,40.788611377062075,213,6,8,2021
2021-08-02,57.602912352010605,214,0,8,2021
2021-08-03,57.28226513494588,215,1,8,2021
2021-08-04,54.27843754007882,216,2,8,2021
2021-08-05,56.616391709895865,217,3,8,2021
2021-08-06,60.27323468990261,218,4,8,2021
2021-08-07,46.93338953084895,219,5,8,2021
2021-08-08,48.04361839147125,220,6,8,2021
2021-08-09,48.23139176909656,221,0,8,2021
2021-08-10,50.00828451773247,222,1,8,2021
2021-08-11,59.19852945251631,223,2,8,2021
2021-08-12,47.88886018256792,224,3,8,2021
2021-08-13,48.01978852644278,225,4,8,2021
2021-08-14,42.40390678878382,226,5,8,2021
2021-08-15,47.992050325536994,227,6,8,2021
2021-08-16,51.01818580027791,228,0,8,2021
2021-08-17,58.29446366148987,229,1,8,2021
2021-08-18,51.374131655710514,230,2,8,2021
2021-08-19,49.72589244089614,231,3,8,2021
2021-08-20,41.70326144130548,232,4,8,2021
2021-08-21,41.535487004801226,233,5,8,2021
2021-08-22,46.47854250543602,234,6,8,2021
2021-08-23,52.160320803622405,235,0,8,2021
2021-08-24,47.55252835226419,236,1,8,2021
2021-08-25,57.36038865350475,237,2,8,2021
2021-08-26,56.97361263061529,238,3,8,2021
2021-08-27,47.8168685454779,239,4,8,2021
2021-08-28,52.326441535926634,240,5,8,2021
2021-08-29,39.94192600615115,241,6,8,2021
2021-08-30,41.40467673273841,242,0,8,2021
2021-08-31,42.556474614536484,243,1,8,2021
2021-09-01,59.81384753784856,244,2,9,2021
2021-09-02,52.82345204909304,245,3,9,2021
2021-09-03,44.86328173324512,246,4,9,2021
2021-09-04,43.76949396629612,247,5,9,2021
2021-09-05,37.64664854778951,248,6,9,2021
2021-09-06,59.35631080610358,249,0,9,2021
2021-09-07,51.63249599373478,250,1,9,2021
2021-09-08,52.45395157013499,251,2,9,2021
2021-09-09,52.79115876130146,252,3,9,2021
2021-09-10,47.19460519207158,253,4,9,2021
2021-09-11,43.17536764426307,254,5,9,2021
2021-09-12,39.04624038141145,255,6,9,2021
2021-09-13,49.24790188728889,256,0,9,2021
2021-09-14,60.198268822198,257,1,9,2021
2021-09-15,58.47482642348715,258,2,9,2021
2021-09-16,57.008233449046365,259,3,9,2021
2021-09-17,42.1529035348876,260,4,9,2021
2021-09-18,37.06700497265871,261,5,9,2021
2021-09-19,42.36861699882945,262,6,9,2021
2021-09-20,47.20816792108157,263,0,9,2021
2021-09-21,56.3383065855225,264,1,9,2021
2021-09-22,43.404988269208914,265,2,9,2021
2021-09-23,56.85017093650649,266,3,9,2021
2021-09-24,44.11973447774027,267,4,9,2021
2021-09-25,40.12221600419428,268,5,9,2021
2021-09-26,38.21953735210167,269,6,9,2021
2021-09-27,38.97878599367602,270,0,9,2021
2021-09-28,55.34783714783907,271,1,9,2021
2021-09-29,52.6397244423988,272,2,9,2021
2021-09-30,43.199692507122805,273,3,9,2021
2021-10-01,38.92276657116785,274,4,10,2021
2021-10-02,41.107435204895786,275,5,10,2021
2021-10-03,52.19628494477463,276,6,10,2021
2021-10-04,46.567629039340346,277,0,10,2021
2021-10-05,44.370189619100316,278,1,10,2021
2021-10-06,51.73973626445081,279,2,10,2021
2021-10-07,49.02257381554487,280,3,10,2021
2021-10-08,32.69176816921237,281,4,10,2021
2021-10-09,43.33422799408499,282,5,10,2021
2021-10-10,43.55709512229399,283,6,10,2021
2021-10-11,52.24838685610554,284,0,10,2021
2021-10-12,62.07355264189251,285,1,10,2021
2021-10-13,59.58515066569248,286,2,10,2021
2021-10-14,50.066523764804124,287,3,10,2021
2021-10-15,41.70913237990501,288,4,10,2021
2021-10-16,57.57871816625716,289,5,10,2021
2021-10-17,46.15459231677839,290,6,10,2021
2021-10-18,50.024096692197595,291,0,10,2021
2021-10-19,53.93544009261712,292,1,10,2021
2021-10-20,56.210064281099946,293,2,10,2021
2021-10-21,51.99631331043505,294,3,10,2021
2021-10-22,45.72023304243933,295,4,10,2021
2021-10-23,43.36382667732233,296,5,10,2021
2021-10-24,47.12013352363841,297,6,10,2021
2021-10-25,48.70168841450997,298,0,10,2021
2021-10-26,51.99491424732399,299,1,10,2021
2021-10-27,57.293326672155374,300,2,10,2021
2021-10-28,53.02295221200361,301,3,10,2021
2021-10-29,57.726137969744464,302,4,10,2021
2021-10-30,34.49851724350921,303,5,10,2021
2021-10-31,54.43399078839283,304,6,10,2021
2021-11-01,59.37879239784615,305,0,11,2021
2021-11-02,46.95841848581147,306,1,11,2021
2021-11-03,56.85030033131586,307,2,11,2021
2021-11-04,54.2791862244559,308,3,11,2021
2021-11-05,45.042798852431815,309,4,11,2021
2021-11-06,45.77373120303533,310,5,11,2021
2021-11-07,45.367911290553366,311,6,11,2021
2021-11-08,63.888549529205406,312,0,11,2021
2021-11-09,64.01669042380287,313,1,11,2021
2021-11-10,66.9681314761154,314,2,11,2021
2021-11-11,61.82463844993703,315,3,11,2021
2021-11-12,48.547827062633516,316,4,11,2021
2021-11-13,49.18534434307068,317,5,11,2021
2021-11-14,55.54474863324788,318,6,11,2021
2021-11-15,51.22514023177982,319,0,11,2021
2021-11-16,65.14290228681983,320,1,11,2021
2021-11-17,61.678894278608475,321,2,11,2021
2021-11-18,58.64240778591272,322,3,11,2021
2021-11-19,60.07769381695456,323,4,11,2021
2021-11-20,56.388141838457116,324,5,11,2021
2021-11-21,53.68048473723332,325,6,11,2021
2021-11-22,65.54790829686473,326,0,11,2021
2021-11-23,58.61558560070088,327,1,11,2021
2021-11-24,68.43016719888377,328,2,11,2021
2021-11-25,65.97841751079824,329,3,11,2021
2021-11-26,57.49744056819962,330,4,11,2021
2021-11-27,58.34508880348321,331,5,11,2021
2021-11-28,51.802098456453784,332,6,11,2021
2021-11-29,66.96792292270631,333,0,11,2021
2021-11-30,65.71651613686888,334,1,11,2021
2021-12-01,65.38000595243821,335,2,12,2021
2021-12-02,70.92350101999833,336,3,12,2021
2021-12-03,58.21080759739305,337,4,12,2021
2021-12-04,52.38067149394873,338,5,12,2021
2021-12-05,53.00366086137192,339,6,12,2021
2021-12-06,68.12694309832861,340,0,12,2021
2021-12-07,63.007323805047214,341,1,12,2021
2021-12-08,79.5547413336206,342,2,12,2021
2021-12-09,58.07402469169154,343,3,12,2021
2021-12-10,73.03744870843903,344,4,12,2021
2021-12-11,63.317481454167215,345,5,12,2021
2021-12-12,63.15877902236376,346,6,12,2021
2021-12-13,65.24329908477432,347,0,12,2021
2021-12-14,74.2909526793132,348,1,12,2021
2021-12-15,73.49253147305,349,2,12,2021
2021-12-16,76.9135772005767,350,3,12,2021
2021-12-17,68.052487160575,351,4,12,2021
2021-12-18,65.95219167603449,352,5,12,2021
2021-12-19,64.77399609834814,353,6,12,2021
2021-12-20,70.64361655138752,354,0,12,2021
2021-12-21,76.80477924557974,355,1,12,2021
2021-12-22,68.10971705336422,356,2,12,2021
2021-12-23,67.64465527634543,357,3,12,2021
2021-12-24,74.19414681286491,358,4,12,2021
2021-12-25,69.05875022182856,359,5,12,2021
2021-12-26,68.68244113580486,360,6,12,2021
2021-12-27,74.03667130651142,361,0,12,2021
2021-12-28,80.02498629653653,362,1,12,2021
2021-12-29,76.98751094141734,363,2,12,2021
2021-12-30,73.52354328943564,364,3,12,2021
2021-12-31,74.48956149160674,365,4,12,2021
2022-01-01,66.43338391523677,1,5,1,2022
2022-01-02,74.7660135244503,2,6,1,2022
2022-01-03,68.554805352235,3,0,1,2022
2022-01-04,86.55616989471729,4,1,1,2022
2022-01-05,85.17196527441719,5,2,1,2022
2022-01-06,81.81650125432705,6,3,1,2022
2022-01-07,81.54295592418319,7,4,1,2022
2022-01-08,82.68292722902227,8,5,1,2022
2022-01-09,80.82335044058085,9,6,1,2022
2022-01-10,70.88583670221243,10,0,1,2022
2022-01-11,78.03001768765435,11,1,1,2022
2022-01-12,82.69671579866747,12,2,1,2022
2022-01-13,83.67225403470853,13,3,1,2022
2022-01-14,82.21615493766636,14,4,1,2022
2022-01-15,73.71740675290813,15,5,1,2022
2022-01-16,79.66741838667517,16,6,1,2022
2022-01-17,79.28619544972103,17,0,1,2022
2022-01-18,84.33334044695106,18,1,1,2022
2022-01-19,81.7399646378509,19,2,1,2022
2022-01-20,81.86684141532452,20,3,1,2022
2022-01-21,75.79870935946995,21,4,1,2022
2022-01-22,75.38341559089962,22,5,1,2022
2022-01-23,86.9051565976234,23,6,1,2022
2022-01-24,81.20551319271823,24,0,1,2022
2022-01-25,103.42760338111968,25,1,1,2022
2022-01-26,94.09932521610125,26,2,1,2022
2022-01-27,90.25069630041818,27,3,1,2022
2022-01-28,81.09223914314425,28,4,1,2022
2022-01-29,86.57396461960823,29,5,1,2022
2022-01-30,81.55048475848417,30,6,1,2022
2022-01-31,89.3357363905356,31,0,1,2022
2022-02-01,105.82011481931542,32,1,2,2022
2022-02-02,93.88662633583688,33,2,2,2022
2022-02-03,97.7866410107634,34,3,2,2022
2022-02-04,84.56085675933075,35,4,2,2022
2022-02-05,85.56852555179704,36,5,2,2022
2022-02-06,95.93146799663616,37,6,2,2022
2022-02-07,88.2167838981212,38,0,2,2022
2022-02-08,104.68441728693503,39,1,2,2022
2022-02-09,100.48413487729074,40,2,2,2022
2022-02-10,91.78178047109016,41,3,2,2022
2022-02-11,93.76743904855213,42,4,2,2022
2022-02-12,93.1091615599565,43,5,2,2022
2022-02-13,92.66314173537866,44,6,2,2022
2022-02-14,85.95028223167866,45,0,2,2022
2022-02-15,94.40889648260203,46,1,2,2022
2022-02-16,98.10228089202637,47,2,2,2022
2022-02-17,96.58801512283648,48,3,2,2022
2022-02-18,96.04588426299404,49,4,2,2022
2022-02-19,91.44256826397437,50,5,2,2022
2022-02-20,85.15509833964808,51,6,2,2022
2022-02-21,97.94969015381461,52,0,2,2022
2022-02-22,103.31389461753076,53,1,2,2022
2022-02-23,104.32382905076075,54,2,2,2022
2022-02-24,104.51724788565286,55,3,2,2022
2022-02-25,99.23300524422532,56,4,2,2022
2022-02-26,94.93810207237645,57,5,2,2022
2022-02-27,93.53596641351454,58,6,2,2022
2022-02-28,89.76528600313074,59,0,2,2022
2022-03-01,104.39645014501208,60,1,3,2022
2022-03-02,104.51631030361008,61,2,3,2022
2022-03-03,102.38944409008863,62,3,3,2022
2022-03-04,90.56268681399206,63,4,3,2022
2022-03-05,89.08441316451885,64,5,3,2022
2022-03-06,100.96415230700649,65,6,3,2022
2022-03-07,99.64765738438442,66,0,3,2022
2022-03-08,107.3946156939383,67,1,3,2022
2022-03-09,105.32129966965816,68,2,3,2022
2022-03-10,102.84493229940756,69,3,3,2022
2022-03-11,103.2649102287227,70,4,3,2022
2022-03-12,93.49869867922742,71,5,3,2022
2022-03-13,97.73009966287965,72,6,3,2022
2022-03-14,99.04677334806878,73,0,3,2022
2022-03-15,103.28869558449253,74,1,3,2022
2022-03-16,105.0690099772384,75,2,3,2022
2022-03-17,105.2028434826557,76,3,3,2022
2022-03-18,97.5364048381434,77,4,3,2022
2022-03-19,103.67477857805113,78,5,3,2022
2022-03-20,94.0537506490785,79,6,3,2022
2022-03-21,101.6611073476004,80,0,3,2022
2022-03-22,104.459682074013,81,1,3,2022
2022-03-23,115.00659788165112,82,2,3,2022
2022-03-24,106.19130788073035,83,3,3,2022
2022-03-25,106.16510779092408,84,4,3,2022
2022-03-26,91.00317929137428,85,5,3,2022
2022-03-27,100.85614810072084,86,6,3,2022
2022-03-28,107.9967480032677,87,0,3,2022
2022-03-29,107.9818091817538,88,1,3,2022
2022-03-30,113.97000234137916,89,2,3,2022
2022-03-31,103.45175279281128,90,3,3,2022
2022-04-01,108.84099348231844,91,4,4,2022
2022-04-02,110.6725064271653,92,5,4,2022
2022-04-03,98.41236764056362,93,6,4,2022
2022-04-04,101.98535190492753,94,0,4,2022
2022-04-05,115.46017896856495,95,1,4,2022
2022-04-06,117.12192770040494,96,2,4,2022
2022-04-07,103.96397511980054,97,3,4,2022
2022-04-08,100.1920429100454,98,4,4,2022
2022-04-09,98.22649301504754,99,5,4,2022
2022-04-10,93.92043893567501,100,6,4,2022
2022-04-11,99.99453009927576,101,0,4,2022
2022-04-12,103.50634800797776,102,1,4,2022
2022-04-13,105.67783218235084,103,2,4,2022
2022-04-14,106.65666161552767,104,3,4,2022
2022-04-15,103.67503131475996,105,4,4,2022
2022-04-16,107.55819322081003,106,5,4,2022
2022-04-17,95.7806262521059,107,6,4,2022
2022-04-18,109.59868528856067,108,0,4,2022
2022-04-19,107.50612977795495,109,1,4,2022
2022-04-20,109.27843441712156,110,2,4,2022
2022-04-21,110.1732112413183,111,3,4,2022
2022-04-22,96.8196658217441,112,4,4,2022
2022-04-23,101.60755584420096,113,5,4,2022
2022-04-24,101.45519115133135,114,6,4,2022
2022-04-25,106.9508114118556,115,0,4,2022
2022-04-26,109.79458955474871,116,1,4,2022
2022-04-27,121.53637042521791,117,2,4,2022
2022-04-28,103.30624033653875,118,3,4,2022
2022-04-29,99.43610397247544,119,4,4,2022
2022-04-30,96.19989151214658,120,5,4,2022
2022-05-01,97.42820479462446,121,6,5,2022
2022-05-02,100.84716309589888,122,0,5,2022
2022-05-03,113.80257708651862,123,1,5,2022
2022-05-04,115.83467549963,124,2,5,2022
2022-05-05,103.07737253455727,125,3,5,2022
2022-05-06,97.32970730093318,126,4,5,2022
2022-05-07,101.03766506472849,127,5,5,2022
2022-05-08,96.77443954959926,128,6,5,2022
2022-05-09,106.49407833190882,129,0,5,2022
2022-05-10,108.13318131580615,130,1,5,2022
2022-05-11,100.38066200963017,131,2,5,2022
2022-05-12,112.86243016857821,132,3,5,2022
2022-05-13,109.63167070549582,133,4,5,2022
2022-05-14,94.74487296624643,134,5,5,2022
2022-05-15,96.69315265427768,135,6,5,2022
2022-05-16,103.823182517411,136,0,5,2022
2022-05-17,107.82408058193569,137,1,5,2022
2022-05-18,110.25460116464899,138,2,5,2022
2022-05-19,114.14817265951709,139,3,5,2022
2022-05-20,98.71003133614548,140,4,5,2022
2022-05-21,92.73055420882584,141,5,5,2022
2022-05-22,90.61953541423561,142,6,5,2022
2022-05-23,97.59544026862643,143,0,5,2022
2022-05-24,104.81468554862266,144,1,5,2022
2022-05-25,114.7360150487163,145,2,5,2022
2022-05-26,100.28380286397179,146,3,5,2022
2022-05-27,99.46232928585525,147,4,5,2022
2022-05-28,95.36301758239357,148,5,5,2022
2022-05-29,102.15622360146133,149,6,5,2022
2022-05-30,112.55848418559619,150,0,5,2022
2022-05-31,100.9758931221717,151,1,5,2022
2022-06-01,101.94271620336355,152,2,6,2022
2022-06-02,106.69671553932893,153,3,6,2022
2022-06-03,100.33486257790896,154,4,6,2022
2022-06-04,103.2392543189858,155,5,6,2022
2022-06-05,97.67366637345093,156,6,6,2022
2022-06-06,96.6469311197731,157,0,6,2022
2022-06-07,105.0835066595424,158,1,6,2022
2022-06-08,108.41448332921205,159,2,6,2022
2022-06-09,104.04106665624568,160,3,6,2022
2022-06-10,97.90685397987708,161,4,6,2022
2022-06-11,97.76715067108256,162,5,6,2022
2022-06-12,99.0121955463724,163,6,6,2022
2022-06-13,103.75016791030721,164,0,6,2022
2022-06-14,103.75471382819339,165,1,6,2022
2022-06-15,100.40192313368395,166,2,6,2022
2022-06-16,99.02505849464634,167,3,6,2022
2022-06-17,99.74282320893022,168,4,6,2022
2022-06-18,86.6765315553271,169,5,6,2022
2022-06-19,93.32483651404003,170,6,6,2022
2022-06-20,93.17743596713778,171,0,6,2022
2022-06-21,98.949338540103,172,1,6,2022
2022-06-22,105.91460715844092,173,2,6,2022
2022-06-23,97.52289814653936,174,3,6,2022
2022-06-24,92.21014909385966,175,4,6,2022
2022-06-25,82.22209164753188,176,5,6,2022
2022-06-26,93.46607616713173,177,6,6,2022
2022-06-27,96.61876870597959,178,0,6,2022
2022-06-28,107.86369050784583,179,1,6,2022
2022-06-29,96.22055072360553,180,2,6,2022
2022-06-30,95.89624837078377,181,3,6,2022
2022-07-01,91.45468804039858,182,4,7,2022
2022-07-02,95.1358618061984,183,5,7,2022
2022-07-03,87.48368472316278,184,6,7,2022
2022-07-04,93.0106522304182,185,0,7,2022
2022-07-05,98.31065109686976,186,1,7,2022
2022-07-06,96.91650626100835,187,2,7,2022
2022-07-07,90.79332665163003,188,3,7,2022
2022-07-08,89.40490868871822,189,4,7,2022
2022-07-09,90.84584573449897,190,5,7,2022
2022-07-10,81.0597905953413,191,6,7,2022
2022-07-11,90.51642054189756,192,0,7,2022
2022-07-12,90.01112350705674,193,1,7,2022
2022-07-13,100.20449154782334,194,2,7,2022
2022-07-14,83.66130239335865,195,3,7,2022
2022-07-15,83.89824006704728,196,4,7,2022
2022-07-16,85.62948730998181,197,5,7,2022
2022-07-17,92.29377836721203,198,6,7,2022
2022-07-18,87.80535960035316,199,0,7,2022
2022-07-19,89.02771112692191,200,1,7,2022
2022-07-20,101.93715941711586,201,2,7,2022
2022-07-21,82.35010661502862,202,3,7,2022
2022-07-22,74.02326809543808,203,4,7,2022
2022-07-23,84.28014057173321,204,5,7,2022
2022-07-24,80.30539812637863,205,6,7,2022
2022-07-25,81.39100350745025,206,0,7,2022
2022-07-26,93.7227643561663,207,1,7,2022
2022-07-27,92.14253447461606,208,2,7,2022
2022-07-28,85.17748567624837,209,3,7,2022
2022-07-29,77.03968227511552,210,4,7,2022
2022-07-30,84.88311803511374,211,5,7,2022
2022-07-31,84.5249429095385,212,6,7,2022
2022-08-01,84.4777035822874,213,0,8,2022
2022-08-02,97.90936741143733,214,1,8,2022
2022-08-03,84.0877242972949,215,2,8,2022
2022-08-04,78.90491327252067,216,3,8,2022
2022-08-05,78.53698752166551,217,4,8,2022
2022-08-06,78.8695023366647,218,5,8,2022
2022-08-07,81.08912053362178,219,6,8,2022
2022-08-08,82.38837546591095,220,0,8,2022
2022-08-09,89.0805135445923,221,1,8,2022
2022-08-10,81.84817427555606,222,2,8,2022
2022-08-11,92.44333540772294,223,3,8,2022
2022-08-12,80.3025689118567,224,4,8,2022
2022-08-13,83.42609851584803,225,5,8,2022
2022-08-14,80.35418578594978,226,6,8,2022
2022-08-15,84.67295758779699,227,0,8,2022
2022-08-16,88.99075197022722,228,1,8,2022
2022-08-17,89.1936717717388,229,2,8,2022
2022-08-18,87.31548946688352,230,3,8,2022
2022-08-19,86.26507525973244,231,4,8,2022
2022-08-20,77.75734788628591,232,5,8,2022
2022-08-21,81.1503371245762,233,6,8,2022
2022-08-22,80.93540186399865,234,0,8,2022
2022-08-23,92.36800409286604,235,1,8,2022
2022-08-24,82.6297584943078,236,2,8,2022
2022-08-25,92.19472323509208,237,3,8,2022
2022-08-26,78.53867907507612,238,4,8,2022
2022-08-27,68.77348053633071,239,5,8,2022
2022-08-28,77.4313495791421,240,6,8,2022
2022-08-29,77.19765400951765,241,0,8,2022
2022-08-30,88.62320828946216,242,1,8,2022
2022-08-31,82.03532099399777,243,2,8,2022
2022-09-01,80.2803708318903,244,3,9,2022
2022-09-02,68.64796560430239,245,4,9,2022
2022-09-03,73.05733550911356,246,5,9,2022
2022-09-04,64.09861923300407,247,6,9,2022
2022-09-05,72.1466199620758,248,0,9,2022
2022-09-06,87.72166448396398,249,1,9,2022
2022-09-07,88.76375590856465,250,2,9,2022
2022-09-08,84.2119274235969,251,3,9,2022
2022-09-09,72.87149041786921,252,4,9,2022
2022-09-10,74.72866427023966,253,5,9,2022
2022-09-11,75.88629985886642,254,6,9,2022
2022-09-12,73.99882950789834,255,0,9,2022
2022-09-13,91.1995919056677,256,1,9,2022
2022-09-14,89.02332282415306,257,2,9,2022
2022-09-15,80.8205673411255,258,3,9,2022
2022-09-16,77.72077500252932,259,4,9,2022
2022-09-17,75.92855797434282,260,5,9,2022
2022-09-18,65.654719763282,261,6,9,2022
2022-09-19,78.55370498194775,262,0,9,2022
2022-09-20,80.31166241487215,263,1,9,2022
2022-09-21,79.70761397514504,264,2,9,2022
2022-09-22,80.63947197091481,265,3,9,2022
2022-09-23,86.73489746515833,266,4,9,2022
2022-09-24,78.29165029453182,267,5,9,2022
2022-09-25,73.24909143646923,268,6,9,2022
2022-09-26,82.93501343040633,269,0,9,2022
